time_s,imp_IMP_MYUSM_L1,imp_IMP_MYUSM_R1,imp_IMP_MYUSM_L2,imp_IMP_MYUSM_R2,imp_IMP_FS_L1,imp_IMP_FS_R1,imp_IMP_FS_L2,imp_IMP_FS_R2,exp_AVy_L1,exp_AVy_R1,exp_AVy_L2,exp_AVy_R2,exp_Fz_L1,exp_Fz_R1,exp_Fz_L2,exp_Fz_R2,exp_CmpS_L1,exp_CmpS_R1,exp_CmpS_L2,exp_CmpS_R2,exp_Vz_Wc_L1,exp_Vz_Wc_R1,exp_Vz_Wc_L2,exp_Vz_Wc_R2,exp_Xo,exp_Vx,exp_Roll_E,exp_Pitch,exp_X_L1,exp_X_R1,exp_X_L2,exp_X_R2
0.0005,0,0,0,0,0,0,0,0,13.3823976,13.3823976,13.3823976,13.3823976,22422.4921,22419.9498,21226.8338,21226.8338,53.5908277,53.5908277,50.6048285,50.6048285,-0.0129103055,-0.0127848752,-0.0128475864,-0.0128475864,100,2.8,0,-0.262898235,99.9980207,99.9980561,96.09799,96.09799
0.001,0,0,0,0,0,0,0,0,13.3685766,13.3685781,13.3693109,13.3693109,22422.1556,22404.4155,21226.8338,21226.8338,53.5908243,53.5908243,50.6048285,50.6048285,-0.0137153525,-0.01294294,-0.0127752237,-0.0127750769,100.000389,2.79999963,0,-0.262898235,99.9984143,99.998661,96.0983789,96.0983789
0.0015,0,0,0,0,0,0,0,0,13.3547574,13.3547776,13.3562255,13.3562255,22422.1276,22404.4212,21226.8224,21226.8224,53.5908317,53.5908224,50.6048565,50.6048566,-0.0133657962,-0.0135799536,-0.012723703,-0.012722133,100.000778,2.79999926,5.60595366e-10,-0.262898606,99.9988033,99.9990497,96.0987678,96.0987678
0.002,0,0,0,0,0,0,0,0,13.3413807,13.3413916,13.3435574,13.3435574,22422.0603,22404.5304,21226.8068,21226.8066,53.5908405,53.5907324,50.604899,50.6048993,-0.013091106,-0.0138984109,-0.0126841666,-0.0126819614,100.001167,2.79999651,6.77583557e-09,-0.262899228,99.9991922,99.9994385,96.0991567,96.0991567
0.0025,0,0,0,0,0,0,0,0,13.3285956,13.3285977,13.3314462,13.3314471,22421.9899,22404.6658,21226.7877,21226.7872,53.5908557,53.5906243,50.6049539,50.6049545,-0.0128157422,-0.014175032,-0.0126556543,-0.0126529978,100.001556,2.79999059,1.76767935e-08,-0.262900071,99.9995808,99.9998271,96.0995456,96.0995456
0.003,0,0,0,0,0,0,0,0,13.316582,13.3165831,13.320062,13.3200644,22421.8927,22404.8384,21226.7662,21226.7654,53.5908766,53.5904885,50.6050192,50.6050202,-0.0125406155,-0.0144030031,-0.0126372309,-0.0126343511,100.001944,2.79998052,3.38413398e-08,-0.262901124,99.9999695,100.000216,96.0999345,96.0999345
0.0035,0,0,0,0,0,0,0,0,13.30551,13.3055146,13.3095648,13.3095698,22421.7767,22405.0435,21226.7433,21226.7421,53.5909037,53.5903292,50.605093,50.6050945,-0.0122690357,-0.0145833532,-0.0126277983,-0.0126249301,100.002333,2.79996538,5.60248801e-08,-0.262902368,100.000358,100.000604,96.1003234,96.1003234
0.004,0,0,0,0,0,0,0,0,13.2955346,13.2955458,13.3001007,13.3001094,22421.6432,22405.2768,21226.7199,21226.7184,53.5909375,53.59015,50.6051733,50.6051755,-0.0120027189,-0.0147181401,-0.012626235,-0.0126236113,100.002722,2.79994436,8.48374874e-08,-0.262903782,100.000747,100.000993,96.1007123,96.1007123
0.0045,0,0,0,0,0,0,0,0,13.2867937,13.2868145,13.2917997,13.2918135,22421.4935,22405.5343,21226.6967,21226.6949,53.5909784,53.5899545,50.6052584,50.6052613,-0.0117434938,-0.0148097232,-0.012631399,-0.0126292492,100.003111,2.79991672,1.20849859e-07,-0.262905343,100.001135,100.001381,96.1011012,96.1011012
0.005,0,0,0,0,0,0,0,0,13.2794062,13.2794393,13.2847741,13.2847942,22421.329,22405.8121,21226.6744,21226.6724,53.5910265,53.589746,50.6053464,50.6053502,-0.0114932,-0.0148608252,-0.0126421446,-0.0126406922,100.0035,2.79988182,1.64589908e-07,-0.262907027,100.001524,100.001769,96.1014901,96.1014901
0.0055,0,0,0,0,0,0,0,0,13.2734706,13.2735184,13.2791165,13.2791446,22421.1511,22406.1062,21226.6535,21226.6514,53.5910822,53.589528,50.6054359,50.6054405,-0.0112536749,-0.0148744857,-0.0126573386,-0.0126567989,100.003889,2.79983915,2.16542076e-07,-0.262908809,100.001912,100.002158,96.101879,96.101879
0.006,0,0,0,0,0,0,0,0,13.2690631,13.2691282,13.2748991,13.2749368,22420.9611,22406.4129,21226.6344,21226.6323,53.5911456,53.5893034,50.6055253,50.6055309,-0.0110267324,-0.0148540076,-0.0126758746,-0.0126764528,100.004278,2.7997883,2.77147723e-07,-0.262910662,100.0023,100.002546,96.1022678,96.1022679
0.0065,0,0,0,0,0,0,0,0,13.266237,13.2663218,13.2721723,13.2722212,22420.7605,22406.7285,21226.6175,21226.6155,53.5912167,53.5890752,50.6056133,50.6056199,-0.0108141407,-0.014802902,-0.0126966876,-0.0126985765,100.004667,2.79972899,3.46805757e-07,-0.262912558,100.002689,100.002934,96.1026567,96.1026567
0.007,0,0,0,0,0,0,0,0,13.2650219,13.2651286,13.2709643,13.271026,22420.5505,22407.0497,21226.6029,21226.6011,53.5912955,53.5888462,50.6056987,50.6057063,-0.0106175991,-0.0147248342,-0.0127187662,-0.0127221452,100.005056,2.79966107,4.25873537e-07,-0.262914472,100.003077,100.003322,96.1030456,96.1030456
0.0075,0,0,0,0,0,0,0,0,13.2654232,13.265554,13.2712806,13.2713566,22420.3326,22407.3732,21226.5906,21226.5893,53.5913818,53.5886188,50.6057803,50.6057891,-0.0104387153,-0.0146235693,-0.0127411644,-0.0127461979,100.005445,2.79958451,5.14668025e-07,-0.262916375,100.003465,100.003711,96.1034344,96.1034345
0.008,0,0,0,0,0,0,0,0,13.2674225,13.2675794,13.2731041,13.2731961,22420.1081,22407.6961,21226.5808,21226.58,53.5914754,53.5883954,50.6058574,50.6058674,-0.0102789824,-0.0145029198,-0.0127630122,-0.0127698484,100.005833,2.79949942,6.13467172e-07,-0.262918242,100.003854,100.004099,96.1038233,96.1038233
0.0085,0,0,0,0,0,0,0,0,13.2709776,13.2711622,13.2763956,13.2765051,22419.8785,22408.0156,21226.5732,21226.5733,53.591576,53.5881779,50.6059291,50.6059403,-0.0101397564,-0.0143666937,-0.0127835239,-0.0127922944,100.006222,2.79940604,7.22511505e-07,-0.262920047,100.004242,100.004487,96.1042121,96.1042121
0.009,0,0,0,0,0,0,0,0,13.2760235,13.2762373,13.2810943,13.2812227,22419.645,22408.3291,21226.5678,21226.5688,53.5916832,53.5879682,50.6059948,50.6060073,-0.0100222352,-0.0142186453,-0.0128020059,-0.0128128249,100.006611,2.7993047,8.42005898e-07,-0.262921767,100.00463,100.004875,96.1046009,96.104601
0.0095,0,0,0,0,0,0,0,0,13.282473,13.2827172,13.2871187,13.2872672,22419.409,22408.6345,21226.5642,21226.5664,53.5917965,53.5877677,50.6060541,50.6060678,-0.00992743817,-0.0140624281,-0.0128178628,-0.0128308268,100.007,2.7991959,9.72121494e-07,-0.262923377,100.005019,100.005263,96.1049897,96.1049898
0.01,0,0,0,0,0,0,0,0,13.2902187,13.2904943,13.2943681,13.2945379,22419.1718,22408.9297,21226.5621,21226.5658,53.5919154,53.5875778,50.6061066,50.6061216,-0.00985618753,-0.0139015505,-0.012830601,-0.0128457889,100.007389,2.79908021,1.11299775e-06,-0.262924858,100.005407,100.005651,96.1053785,96.1053786
0.0105,0,0,0,0,0,0,0,0,13.2991344,13.2994419,13.3027242,13.3029162,22418.9346,22409.2131,21226.5613,21226.5667,53.5920391,53.5873994,50.6061521,50.6061685,-0.00980909212,-0.013739335,-0.0128398323,-0.0128573053,100.007777,2.7989583,1.26474459e-06,-0.262926192,100.005795,100.00604,96.1057672,96.1057673
0.011,0,0,0,0,0,0,0,0,13.3090767,13.3094164,13.3120526,13.3122676,22418.6987,22409.4832,21226.5613,21226.5686,53.592167,53.5872334,50.6061906,50.6062084,-0.00978653295,-0.0135788808,-0.0128452744,-0.0128650766,100.008166,2.79883096,1.42744464e-06,-0.262927362,100.006184,100.006428,96.106156,96.1061561
0.0115,0,0,0,0,0,0,0,0,13.3198879,13.3202596,13.3222052,13.3224438,22418.4652,22409.7387,21226.5618,21226.5712,53.5922982,53.5870802,50.6062221,50.6062413,-0.00978865167,-0.0134230314,-0.0128467512,-0.0128689097,100.008555,2.79869903,1.60115549e-06,-0.262928354,100.006572,100.006816,96.1065447,96.1065448
0.012,0,0,0,0,0,0,0,0,13.3313979,13.3318011,13.3330224,13.3332849,22418.2353,22409.9788,21226.5623,21226.5741,53.5924318,53.5869402,50.6062468,50.6062675,-0.00981534185,-0.0132743455,-0.01284419,-0.0128687163,100.008944,2.79856343,1.785912e-06,-0.26292916,100.00696,100.007205,96.1069334,96.1069335
0.0125,0,0,0,0,0,0,0,0,13.3434269,13.3438607,13.3443352,13.344622,22418.01,22410.2027,21226.5623,21226.5768,53.592567,53.5868135,50.6062651,50.6062872,-0.00986624354,-0.0131350737,-0.0128376191,-0.0128645093,100.009332,2.79842512,1.98172867e-06,-0.26292977,100.007349,100.007593,96.1073221,96.1073222
0.013,0,0,0,0,0,0,0,0,13.3557882,13.3562513,13.3559684,13.3562794,22417.7906,22410.4101,21226.5616,21226.5789,53.5927028,53.5866999,50.6062773,50.6063009,-0.00994074121,-0.0130071397,-0.0128271624,-0.0128563984,100.009721,2.7982851,2.18860186e-06,-0.26293018,100.007737,100.007982,96.1077108,96.1077109
0.0135,0,0,0,0,0,0,0,0,13.3682911,13.368782,13.3677426,13.3680777,22417.5726,22410.6007,21226.5596,21226.5801,53.5928381,53.5865991,50.6062839,50.6063089,-0.0100377065,-0.0128921272,-0.0128130337,-0.0128445845,100.01011,2.79814441,2.40651216e-06,-0.262930389,100.008126,100.00837,96.1080994,96.1080995
0.014,0,0,0,0,0,0,0,0,13.3807437,13.3812602,13.3794774,13.3798362,22417.3669,22410.7712,21226.556,21226.5799,53.592972,53.5865106,50.6062854,50.606312,-0.0101567382,-0.012791021,-0.0127955292,-0.012829352,100.010498,2.79800406,2.63542654e-06,-0.262930399,100.008515,100.008759,96.108488,96.1084882
0.0145,0,0,0,0,0,0,0,0,13.3928643,13.3934019,13.3909173,13.3912987,22417.1744,22410.9304,21226.5506,21226.578,53.5931033,53.5864338,50.6062825,50.6063106,-0.0103004153,-0.0127097013,-0.012775065,-0.0128111028,100.010887,2.79786555,2.8752989e-06,-0.262930215,100.008903,100.009147,96.1088766,96.1088768
0.015,0,0,0,0,0,0,0,0,13.4046201,13.4051777,13.4020154,13.4024191,22416.9876,22411.0712,21226.5429,21226.5742,53.593231,53.5863677,50.6062758,50.6063056,-0.0104566477,-0.012637971,-0.0127520493,-0.0127902413,100.011275,2.7977291,3.12607593e-06,-0.262929845,100.009292,100.009536,96.1092652,96.1092653
0.0155,0,0,0,0,0,0,0,0,13.415764,13.4163386,13.4125462,13.4129712,22416.8102,22411.1966,21226.5327,21226.5681,53.5933541,53.5863116,50.6062661,50.6062974,-0.0106310537,-0.0125833648,-0.0127269546,-0.0127672295,100.011664,2.797596,3.3876977e-06,-0.262929299,100.009681,100.009925,96.1096537,96.1096539
0.016,0,0,0,0,0,0,0,0,13.4261367,13.4267253,13.4223585,13.422804,22416.6434,22411.3069,21226.5199,21226.5595,53.5934716,53.5862644,50.6062539,50.606287,-0.0108203298,-0.0125443664,-0.012700328,-0.0127426082,100.012053,2.79746711,3.66009738e-06,-0.26292859,100.010069,100.010314,96.1100423,96.1100425
0.0165,0,0,0,0,0,0,0,0,13.4355831,13.4361825,13.4313059,13.4317707,22416.4876,22411.4031,21226.5043,21226.5484,53.5935826,53.5862251,50.6062401,50.6062749,-0.0110222727,-0.0125205161,-0.0126727353,-0.012716938,100.012441,2.79734326,3.94320478e-06,-0.262927734,100.010458,100.010702,96.1104308,96.110431
0.017,0,0,0,0,0,0,0,0,13.4439621,13.444569,13.439255,13.439738,22416.3433,22411.4859,21226.4859,21226.5346,53.5936861,53.5861927,50.6062254,50.6062619,-0.0112345906,-0.0125110908,-0.012644767,-0.0126908056,100.01283,2.79722521,4.2369478e-06,-0.262926749,100.010847,100.011091,96.1108193,96.1108195
0.0175,0,0,0,0,0,0,0,0,13.4511493,13.4517603,13.4460881,13.446588,22416.211,22411.5564,21226.4646,21226.5182,53.5937815,53.5861659,50.6062105,50.6062488,-0.0114548713,-0.0125151018,-0.0126170251,-0.0126648101,100.013218,2.79711363,4.54125392e-06,-0.262925653,100.011236,100.01148,96.1112078,96.111208
0.018,0,0,0,0,0,0,0,0,13.4570388,13.4576504,13.4517046,13.4522203,22416.0907,22411.6157,21226.4404,21226.4991,53.5938678,53.5861436,50.606196,50.6062362,-0.0116806158,-0.0125313253,-0.0125901115,-0.0126395525,100.013607,2.79700907,4.85605159e-06,-0.262924469,100.011625,100.011869,96.1115962,96.1115964
0.0185,0,0,0,0,0,0,0,0,13.4615444,13.4621531,13.4560226,13.4565528,22415.9828,22411.6649,21226.4136,21226.4774,53.5939445,53.5861248,50.6061826,50.6062247,-0.0119092697,-0.0125583336,-0.0125646177,-0.012615624,100.013995,2.796912,5.18127151e-06,-0.262923219,100.012014,100.012258,96.1119847,96.1119849
0.019,0,0,0,0,0,0,0,0,13.4646011,13.4652033,13.4589797,13.4595233,22415.8871,22411.705,21226.3842,21226.4534,53.5940111,53.5861083,50.6061708,50.6062149,-0.0121382553,-0.0125945274,-0.0125411138,-0.0125935957,100.014383,2.79682276,5.51684774e-06,-0.262921926,100.012403,100.012647,96.1123731,96.1123734
0.0195,0,0,0,0,0,0,0,0,13.4661656,13.4667577,13.4605343,13.4610901,22415.8038,22411.7373,21226.3526,21226.4273,53.594067,53.5860932,50.6061613,50.6062074,-0.0123650041,-0.0126381707,-0.0125201385,-0.0125740087,100.014772,2.79674158,5.86271871e-06,-0.262920614,100.012792,100.013036,96.1127615,96.1127618
0.02,0,0,0,0,0,0,0,0,13.4662171,13.4667954,13.4606654,13.4612324,22415.7327,22411.7628,21226.3189,21226.3992,53.5941121,53.5860784,50.6061544,50.6062027,-0.01258699,-0.0126874256,-0.0125021902,-0.0125573645,100.01516,2.79666857,6.21882799e-06,-0.262919309,100.013181,100.013425,96.1131499,96.1131502
0.0205,0,0,0,0,0,0,0,0,13.4647572,13.4653181,13.4593735,13.4599506,22415.6734,22411.7826,21226.2836,21226.3697,53.594146,53.5860632,50.6061506,50.6062012,-0.0128017622,-0.0127403872,-0.0124877182,-0.0125441163,100.015549,2.79660373,6.58512493e-06,-0.262918034,100.01357,100.013814,96.1135383,96.1135386
0.021,0,0,0,0,0,0,0,0,13.4618102,13.4623497,13.4566799,13.4572664,22415.6258,22411.7978,21226.2469,21226.3389,53.5941688,53.5860468,50.6061502,50.6062031,-0.0130069789,-0.0127951178,-0.0124771153,-0.0125346619,100.015937,2.79654691,6.96156511e-06,-0.262916812,100.013958,100.014203,96.1139267,96.113927
0.0215,0,0,0,0,0,0,0,0,13.4574221,13.457936,13.4526267,13.4532219,22415.5895,22411.8093,21226.2094,21226.3074,53.5941805,53.5860285,50.6061535,50.6062087,-0.0132004402,-0.0128496788,-0.012470711,-0.0125293364,100.016325,2.79649787,7.34811045e-06,-0.262915668,100.014347,100.014592,96.1143151,96.1143154
0.022,0,0,0,0,0,0,0,0,13.45166,13.4521438,13.4472758,13.4478792,22415.5638,22411.8182,21226.1715,21226.2756,53.5941814,53.5860077,50.6061606,50.6062183,-0.0133801223,-0.0129021588,-0.0124687664,-0.0125284069,100.016714,2.79645625,7.7447291e-06,-0.262914622,100.014736,100.014981,96.1147035,96.1147038
0.0225,0,0,0,0,0,0,0,0,13.4446114,13.4450597,13.4407078,13.4413191,22415.5483,22411.8252,21226.1336,21226.2439,53.5941716,53.5859841,50.6061716,50.6062319,-0.0135442129,-0.0129506955,-0.0124714696,-0.0125320688,100.017102,2.79642158,8.15139473e-06,-0.262913695,100.015125,100.01537,96.1150919,96.1150922
0.023,0,0,0,0,0,0,0,0,13.4363821,13.436789,13.4330213,13.4336403,22415.5424,22411.8311,21226.0963,21226.2129,53.5941516,53.5859574,50.6061865,50.6062495,-0.0136911458,-0.0129934881,-0.0124789329,-0.0125404422,100.017491,2.79639329,8.56808525e-06,-0.262912906,100.015514,100.015759,96.1154802,96.1154806
0.0235,0,0,0,0,0,0,0,0,13.4270949,13.4274544,13.4243305,13.4249574,22415.5453,22411.8364,21226.06,21226.183,53.5941221,53.5859274,50.6062052,50.6062711,-0.0138196358,-0.0130288004,-0.0124911904,-0.0125535708,100.017879,2.79637072,8.99478052e-06,-0.262912271,100.015903,100.016148,96.1158686,96.115869
0.024,0,0,0,0,0,0,0,0,13.416888,13.4171948,13.4147642,13.4153993,22415.5564,22411.8418,21226.0252,21226.1547,53.5940836,53.585894,50.6062277,50.6062964,-0.0139286886,-0.0130549667,-0.012508197,-0.0125714212,100.018267,2.79635312,9.43145916e-06,-0.262911805,100.016291,100.016537,96.116257,96.1162574
0.0245,0,0,0,0,0,0,0,0,13.4059122,13.4061647,13.4044632,13.405107,22415.5749,22411.8476,21225.9925,21226.1285,53.5940368,53.5858573,50.6062536,50.6063253,-0.0140175469,-0.0130704515,-0.0125298292,-0.0125938842,100.018656,2.7963397,9.87809524e-06,-0.26291152,100.01668,100.016925,96.1166453,96.1166458
0.025,0,0,0,0,0,0,0,0,13.3943294,13.3945325,13.3935788,13.3942321,22415.6001,22411.8545,21225.9622,21226.1049,53.5939825,53.5858176,50.6062827,50.6063575,-0.014085553,-0.0130740424,-0.0125558868,-0.0126207747,100.019044,2.79632955,1.03346581e-05,-0.262911426,100.017069,100.017314,96.1170337,96.1170342
0.0255,0,0,0,0,0,0,0,0,13.3823093,13.3824756,13.3822698,13.3829336,22415.631,22411.8627,21225.9349,21226.0843,53.5939216,53.5857752,50.6063146,50.6063926,-0.0141320497,-0.0130651269,-0.0125860993,-0.0126518322,100.019432,2.79632178,1.08011204e-05,-0.262911528,100.017457,100.017703,96.1174221,96.1174226
0.026,0,0,0,0,0,0,0,0,13.3700275,13.3701722,13.370701,13.3713763,22415.6669,22411.8726,21225.911,21226.0672,53.5938551,53.5857305,50.6063488,50.6064302,-0.0141565163,-0.0130437288,-0.012620132,-0.0126867228,100.019821,2.79631543,1.12774734e-05,-0.262911832,100.017846,100.018091,96.1178105,96.117811
0.0265,0,0,0,0,0,0,0,0,13.3576629,13.3577977,13.3590396,13.359728,22415.711,22411.8878,21225.8908,21226.0539,53.5937839,53.5856839,50.606385,50.6064698,-0.0141589997,-0.0130103822,-0.0126575908,-0.0127250465,100.020209,2.79630954,1.17637364e-05,-0.262912337,100.018234,100.01848,96.1181988,96.1181993
0.027,0,0,0,0,0,0,0,0,13.3453944,13.3455248,13.347454,13.3481568,22415.7537,22411.899,21225.8747,21226.0447,53.5937092,53.5856358,50.6064227,50.6065109,-0.0141390952,-0.0129650042,-0.0126980264,-0.0127663475,100.020598,2.79630317,1.22599529e-05,-0.262913042,100.018622,100.018868,96.1185872,96.1185877
0.0275,0,0,0,0,0,0,0,0,13.3333989,13.3335257,13.3361101,13.3368291,22415.7938,22411.9063,21225.8629,21226.0401,53.5936322,53.5855868,50.6064612,50.606553,-0.0140973269,-0.0129083499,-0.0127409394,-0.0128101227,100.020986,2.79629538,1.27661864e-05,-0.262913944,100.019011,100.019256,96.1189756,96.1189761
0.028,0,0,0,0,0,0,0,0,13.3218482,13.3219717,13.3251697,13.3259067,22415.8385,22411.9274,21225.8557,21226.04,53.5935539,53.5855374,50.6065,50.6065956,-0.0140347067,-0.0128420156,-0.0127857869,-0.0128558312,100.021374,2.79628525,1.32825229e-05,-0.262915033,100.019399,100.019644,96.1193639,96.1193645
0.0285,0,0,0,0,0,0,0,0,13.3109068,13.3110317,13.3147878,13.3155448,22415.883,22411.945,21225.8533,21226.0449,53.5934757,53.5854881,50.6065387,50.6066381,-0.0139519732,-0.0127652537,-0.0128319885,-0.012902903,100.021763,2.79627189,1.38090735e-05,-0.262916302,100.019787,100.020033,96.1197523,96.1197529
0.029,0,0,0,0,0,0,0,0,13.3007291,13.3008665,13.3051102,13.3058892,22415.9261,22411.9641,21225.8558,21226.0547,53.5933987,53.5854395,50.6065765,50.6066798,-0.0138505157,-0.0126793579,-0.0128789369,-0.0129507447,100.022151,2.79625447,1.4345965e-05,-0.262917737,100.020175,100.020421,96.1201407,96.1201413
0.0295,0,0,0,0,0,0,0,0,13.2914578,13.2916232,13.2962716,13.2970748,22415.9667,22411.9844,21225.8632,21226.0695,53.593324,53.5853921,50.606613,50.6067203,-0.0137323705,-0.0125849492,-0.012926009,-0.0129987486,100.02254,2.79623221,1.48933329e-05,-0.262919325,100.020563,100.020809,96.1205291,96.1205297
0.03,0,0,0,0,0,0,0,0,13.2832211,13.2834319,13.2883938,13.2892234,22416.0038,22412.0054,21225.8755,21226.0893,53.5932527,53.5853466,50.6066476,50.6067591,-0.0135998006,-0.012482973,-0.0129725781,-0.0130462993,100.022928,2.79620443,1.5451309e-05,-0.262921049,100.020951,100.021197,96.1209174,96.1209181
0.0305,0,0,0,0,0,0,0,0,13.2761315,13.2764046,13.2815836,13.2824419,22416.0367,22412.0266,21225.8926,21226.1141,53.5931858,53.5853035,50.6066797,50.6067955,-0.0134551553,-0.0123746082,-0.0130180239,-0.0130927837,100.023316,2.79617052,1.60200212e-05,-0.262922891,100.021339,100.021585,96.1213058,96.1213065
0.031,0,0,0,0,0,0,0,0,13.2702838,13.2706352,13.2759316,13.276821,22416.0644,22412.0476,21225.9144,21226.1437,53.5931242,53.5852634,50.606709,50.6068291,-0.0133008115,-0.0122612297,-0.0130617414,-0.0131376014,100.023705,2.79612999,1.65995949e-05,-0.262924831,100.021727,100.021972,96.1216941,96.1216949
0.0315,0,0,0,0,0,0,0,0,13.2657542,13.266198,13.2715108,13.2724335,22416.0865,22412.0681,21225.9407,21226.1778,53.5930686,53.5852269,50.6067348,50.6068594,-0.0131391636,-0.0121443634,-0.0131031496,-0.0131801745,100.024093,2.79608242,1.71901547e-05,-0.262926849,100.022115,100.02236,96.1220825,96.1220833
0.032,0,0,0,0,0,0,0,0,13.2625987,13.2631473,13.2683756,13.2693339,22416.1021,22412.0876,21225.9712,21226.2163,53.5930199,53.5851945,50.606757,50.6068861,-0.0129726187,-0.0120256483,-0.0131417004,-0.0132199561,100.024481,2.79602752,1.77918258e-05,-0.262928924,100.022503,100.022748,96.1224708,96.1224717
0.0325,0,0,0,0,0,0,0,0,13.2608527,13.2615168,13.2665612,13.2675573,22416.111,22412.1057,21226.0056,21226.2587,53.5929786,53.5851667,50.606775,50.6069088,-0.0128035841,-0.0119068003,-0.0131768862,-0.0132564394,100.02487,2.7959651,1.84047337e-05,-0.262931033,100.022891,100.023136,96.1228592,96.12286
0.033,0,0,0,0,0,0,0,0,13.2605307,13.261319,13.266083,13.267119,22416.1126,22412.1221,21226.0435,21226.3049,53.5929451,53.5851437,50.6067887,50.6069272,-0.012634446,-0.0117895783,-0.013208248,-0.0132891653,100.025258,2.79589508,1.90290048e-05,-0.262933155,100.023279,100.023524,96.1232475,96.1232484
0.0335,0,0,0,0,0,0,0,0,13.2616257,13.2625453,13.2669368,13.2680147,22416.1066,22412.1363,21226.0844,21226.3542,53.5929201,53.585126,50.6067978,50.6069412,-0.0124675457,-0.0116757506,-0.013235382,-0.0133177291,100.025647,2.79581751,1.96647661e-05,-0.262935267,100.023667,100.023911,96.1236358,96.1236368
0.034,0,0,0,0,0,0,0,0,13.2641101,13.2651659,13.2690983,13.27022,22416.0929,22412.1482,21226.1281,21226.4064,53.5929036,53.5851137,50.6068022,50.6069505,-0.0123051515,-0.0115670628,-0.0132579453,-0.013341787,100.026035,2.79573254,2.0312145e-05,-0.262937348,100.024055,100.024299,96.1240241,96.1240251
0.0345,0,0,0,0,0,0,0,0,13.2679353,13.2691307,13.2725243,13.2736916,22416.0713,22412.1573,21226.1738,21226.4608,53.5928958,53.585107,50.6068019,50.6069552,-0.0121494317,-0.011465207,-0.0132756619,-0.0133610611,100.026423,2.79564043,2.09712694e-05,-0.262939378,100.024442,100.024687,96.1244124,96.1244134
0.035,0,0,0,0,0,0,0,0,13.2730334,13.2743697,13.277153,13.2783673,22416.0418,22412.1635,21226.2212,21226.5171,53.5928969,53.585106,50.6067967,50.6069551,-0.0120024273,-0.011371792,-0.0132883256,-0.0133753434,100.026812,2.79554154,2.16422673e-05,-0.262941336,100.02483,100.025075,96.1248007,96.1248017
0.0355,0,0,0,0,0,0,0,0,13.2793177,13.2807945,13.282905,13.2841677,22416.0044,22412.1666,21226.2697,21226.5746,53.5929067,53.5851105,50.6067868,50.6069504,-0.0118660258,-0.011288316,-0.0132958036,-0.0133844993,100.0272,2.79543634,2.23252665e-05,-0.262943206,100.025218,100.025462,96.125189,96.12519
0.036,0,0,0,0,0,0,0,0,13.2866843,13.2882994,13.2896845,13.2909968,22415.9593,22412.1665,21226.3188,21226.6329,53.592925,53.5851205,50.6067724,50.6069412,-0.0117419365,-0.0112161423,-0.0132980385,-0.0133884688,100.027588,2.79532539,2.30203946e-05,-0.262944971,100.025606,100.02585,96.1255772,96.1255783
0.0365,0,0,0,0,0,0,0,0,13.2950134,13.2967631,13.2973812,13.298744,22415.9067,22412.1632,21226.3679,21226.6913,53.5929516,53.5851358,50.6067536,50.6069278,-0.0116316698,-0.0111564743,-0.0132950493,-0.0133872681,100.027976,2.79520934,2.37277788e-05,-0.262946615,100.025994,100.026238,96.1259654,96.1259666
0.037,0,0,0,0,0,0,0,0,13.3041718,13.3060506,13.3058716,13.3072855,22415.847,22412.1567,21226.4164,21226.7494,53.5929859,53.5851559,50.6067307,50.6069104,-0.0115365181,-0.0111103344,-0.0132869308,-0.0133809893,100.028365,2.79508889,2.44475453e-05,-0.262948127,100.026382,100.026626,96.1263536,96.1263549
0.0375,0,0,0,0,0,0,0,0,13.3140143,13.3160153,13.3150208,13.3164864,22415.7806,22412.1471,21226.4639,21226.8066,53.5930276,53.5851806,50.6067041,50.6068893,-0.0114575392,-0.0110785473,-0.0132738521,-0.0133697986,100.028753,2.79496482,2.51798198e-05,-0.262949497,100.02677,100.027014,96.1267418,96.1267431
0.038,0,0,0,0,0,0,0,0,13.3243862,13.3265012,13.3246849,13.3262026,22415.7079,22412.1345,21226.5098,21226.8625,53.5930759,53.5852092,50.6066742,50.606865,-0.011395544,-0.0110617247,-0.0132560541,-0.0133539343,100.029141,2.79483797,2.59247268e-05,-0.262950717,100.027158,100.027402,96.12713,96.1271313
0.0385,0,0,0,0,0,0,0,0,13.3351256,13.3373451,13.3347132,13.3362829,22415.6294,22412.1192,21226.5537,21226.9165,53.5931302,53.5852413,50.6066414,50.6068379,-0.011351087,-0.0110602546,-0.0132338458,-0.0133337025,100.029529,2.79470921,2.66823898e-05,-0.262951783,100.027546,100.02779,96.1275182,96.1275195
0.039,0,0,0,0,0,0,0,0,13.346066,13.3483794,13.3449501,13.3465716,22415.5394,22412.1015,21226.5951,21226.9683,53.5931898,53.5852762,50.6066063,50.6068085,-0.011324149,-0.0110742936,-0.0132075996,-0.0133094729,100.029917,2.79457942,2.74529309e-05,-0.262952691,100.027934,100.028178,96.1279063,96.1279077
0.0395,0,0,0,0,0,0,0,0,13.3570385,13.3594343,13.3552377,13.3569108,22415.4574,22412.0765,21226.6337,21227.0174,53.5932536,53.5853132,50.6065693,50.6067773,-0.0113159687,-0.011103404,-0.0131777451,-0.0132816734,100.030306,2.79444951,2.8236471e-05,-0.262953441,100.028322,100.028566,96.1282944,96.1282958
0.04,0,0,0,0,0,0,0,0,13.3678748,13.3703407,13.3654182,13.3671422,22415.3672,22412.0547,21226.669,21227.0634,53.5933209,53.5853515,50.606531,50.606745,-0.011324721,-0.0111482458,-0.0131447648,-0.0132507821,100.030694,2.79432038,2.90331275e-05,-0.262954037,100.02871,100.028954,96.1286825,96.128684
0.0405,0,0,0,0,0,0,0,0,13.3784096,13.3809328,13.3751729,13.3769462,22415.2698,22412.0367,21226.7007,21227.1062,53.5933908,53.5853904,50.606492,50.606712,-0.0113504805,-0.011207809,-0.013109275,-0.013217415,100.031082,2.79419337,2.98430223e-05,-0.262954485,100.029098,100.029342,96.1290706,96.1290721
0.041,0,0,0,0,0,0,0,0,13.3884818,13.3910489,13.3846245,13.3864469,22415.1718,22412.0138,21226.7287,21227.1454,53.5934621,53.5854289,50.606453,50.606679,-0.0113928982,-0.0112806625,-0.0130717203,-0.0131820148,100.03147,2.79406858,3.06662711e-05,-0.262954793,100.029486,100.02973,96.1294586,96.1294602
0.0415,0,0,0,0,0,0,0,0,13.3979394,13.4005369,13.3935062,13.3953766,22415.072,22411.9898,21226.7528,21227.1809,53.593534,53.5854665,50.6064144,50.6066466,-0.0114507132,-0.0113663714,-0.0130327182,-0.0131451963,100.031858,2.79394717,3.15029866e-05,-0.26295497,100.029875,100.030119,96.1298467,96.1298483
0.042,0,0,0,0,0,0,0,0,13.4066395,13.4092539,13.4017,13.4036171,22414.971,22411.966,21226.7728,21227.2125,53.5936055,53.5855022,50.606377,50.6066153,-0.0115227843,-0.011463723,-0.0129928794,-0.0131075692,100.032246,2.79382986,3.23532818e-05,-0.26295503,100.030263,100.030507,96.1302347,96.1302364
0.0425,0,0,0,0,0,0,0,0,13.4144515,13.4170692,13.4090835,13.4110463,22414.8695,22411.9429,21226.7886,21227.2402,53.5936755,53.5855352,50.6063411,50.6065858,-0.011607745,-0.0115713506,-0.0129528181,-0.013069746,100.032634,2.79371734,3.32172679e-05,-0.262954985,100.030651,100.030895,96.1306227,96.1306244
0.043,0,0,0,0,0,0,0,0,13.4212587,13.4238664,13.4155465,13.4175537,22414.7683,22411.921,21226.8003,21227.264,53.5937433,53.5855647,50.6063075,50.6065585,-0.0117040538,-0.0116877368,-0.0129131507,-0.0130323422,100.033022,2.79361024,3.40950533e-05,-0.262954853,100.031039,100.031284,96.1310106,96.1310124
0.0435,0,0,0,0,0,0,0,0,13.4269599,13.4295447,13.420993,13.4230432,22414.6678,22411.9008,21226.808,21227.284,53.5938079,53.5855901,50.6062766,50.6065341,-0.0118100236,-0.0118112255,-0.0128744856,-0.0129959651,100.03341,2.7935091,3.49867446e-05,-0.262954652,100.031428,100.031672,96.1313986,96.1314005
0.044,0,0,0,0,0,0,0,0,13.4314708,13.4340203,13.4253426,13.4274346,22414.5688,22411.8827,21226.8117,21227.3003,53.5938685,53.5856107,50.606249,50.6065129,-0.0119238492,-0.0119400465,-0.0128374137,-0.0129612048,100.033798,2.79341436,3.58924457e-05,-0.262954399,100.031816,100.032061,96.1317866,96.1317885
0.0445,0,0,0,0,0,0,0,0,13.4347254,13.4372276,13.4285315,13.430664,22414.4718,22411.8674,21226.8117,21227.3131,53.5939242,53.5856258,50.6062249,50.6064954,-0.0120436366,-0.0120723411,-0.0128024999,-0.0129286257,100.034186,2.79332638,3.6812258e-05,-0.262954115,100.032204,100.032449,96.1321745,96.1321765
0.045,0,0,0,0,0,0,0,0,13.4366766,13.4391202,13.4305136,13.4326853,22414.3773,22411.8551,21226.8083,21227.3227,53.5939745,53.585635,50.6062049,50.6064821,-0.0121674347,-0.0122061882,-0.012770275,-0.0128987583,100.034574,2.79324541,3.77462795e-05,-0.262953821,100.032593,100.032838,96.1325624,96.1325644
0.0455,0,0,0,0,0,0,0,0,13.4372969,13.4396712,13.4312608,13.4334706,22414.2858,22411.8463,21226.8016,21227.3294,53.5940187,53.5856378,50.6061891,50.6064731,-0.0122932666,-0.0123396296,-0.0127412282,-0.0128720914,100.034962,2.79317159,3.8694605e-05,-0.262953537,100.032981,100.033226,96.1329503,96.1329524
0.046,0,0,0,0,0,0,0,0,13.4365786,13.4388739,13.4307635,13.4330102,22414.1976,22411.8412,21226.7921,21227.3334,53.5940564,53.5856338,50.606178,50.6064688,-0.0124191637,-0.0124706956,-0.0127157997,-0.0128490651,100.03535,2.79310498,3.96573249e-05,-0.262953284,100.03337,100.033615,96.1333382,96.1333404
0.0465,0,0,0,0,0,0,0,0,13.4345342,13.4367413,13.4290305,13.4313132,22414.1132,22411.8402,21226.7802,21227.3353,53.5940871,53.5856228,50.6061717,50.6064693,-0.0125431986,-0.0125974294,-0.0126943745,-0.0128300649,100.035738,2.7930455,4.06345246e-05,-0.262953082,100.033758,100.034003,96.1337261,96.1337283
0.047,0,0,0,0,0,0,0,0,13.4311955,13.4333061,13.4260889,13.4284067,22414.0327,22411.8434,21226.7663,21227.3355,53.5941105,53.5856046,50.6061702,50.6064749,-0.0126635192,-0.0127179075,-0.0126772773,-0.0128154156,100.036126,2.79299299,4.16262835e-05,-0.262952953,100.034146,100.034391,96.134114,96.1341163
0.0475,0,0,0,0,0,0,0,0,13.4266135,13.4286206,13.4219834,13.4243357,22413.9565,22411.8509,21226.7509,21227.3343,53.5941264,53.5855793,50.6061737,50.6064854,-0.0127783795,-0.0128302583,-0.0126647674,-0.0128053775,100.036513,2.79294717,4.26326734e-05,-0.262952915,100.034535,100.03478,96.1345019,96.1345042
0.048,0,0,0,0,0,0,0,0,13.4208574,13.4227554,13.4167759,13.4191621,22413.8846,22411.8629,21226.7344,21227.3324,53.5941348,53.5855468,50.6061822,50.606501,-0.0128861659,-0.0129326818,-0.0126570351,-0.0128001427,100.036901,2.79290768,4.36537566e-05,-0.262952986,100.034923,100.035168,96.1348898,96.1348922
0.0485,0,0,0,0,0,0,0,0,13.4140135,13.4157994,13.4105442,13.4129639,22413.8172,22411.8791,21226.7174,21227.3302,53.5941356,53.5855075,50.6061955,50.6065215,-0.0129854111,-0.0130234759,-0.0126541991,-0.0127998328,100.037289,2.79287405,4.46895846e-05,-0.262953184,100.035311,100.035557,96.1352776,96.1352801
0.049,0,0,0,0,0,0,0,0,13.4061836,13.4078584,13.4033807,13.4058337,22413.7544,22411.8997,21226.7004,21227.3282,53.594129,53.5854615,50.6062136,50.6065468,-0.0130747882,-0.0131010804,-0.0126563049,-0.0128044974,100.037677,2.79284574,4.57401961e-05,-0.262953522,100.035699,100.035945,96.1356655,96.135668
0.0495,0,0,0,0,0,0,0,0,13.3974839,13.3990541,13.3953914,13.3978777,22413.6961,22411.9244,21226.6838,21227.3269,53.5941152,53.5854094,50.6062361,50.6065767,-0.0131530787,-0.0131641544,-0.0126633249,-0.0128141133,100.038065,2.79282212,4.68056172e-05,-0.262954015,100.036087,100.036333,96.1360533,96.136056
0.05,0,0,0,0,0,0,0,0,13.3880428,13.3895217,13.3866937,13.3892134,22413.6423,22411.9531,21226.6682,21227.3269,53.5940944,53.5853516,50.6062627,50.6066108,-0.0132191351,-0.0132116833,-0.0126751595,-0.0128285838,100.038453,2.79280249,4.78858638e-05,-0.262954673,100.036476,100.036722,96.1364412,96.1364439
